{   "parent": "mcobj:block/sphere_solar.obj",
    "textures": {
        "particle": "blocks/daylight_detector_top",
        "top": "blocks/daylight_detector_top",
        "side": "blocks/daylight_detector_side"
    },
    "display": {
    	"gui": {
            "rotation": [ 30, 225, 0 ],
            "translation": [ 0, 4, 0],
            "scale":[ 0.9, 0.9, 0.9 ]
        },
        "thirdperson_righthand": {
            "rotation": [ 75, 45, 0 ],
            "translation": [ 0, 2.5, 2],
            "scale": [ 0.375, 0.375, 0.375 ]
        },
        "firstperson_righthand": {
            "rotation": [ 0, 45, 0 ],
            "translation": [ 0, 4.2, 0 ],
            "scale": [ 0.40, 0.40, 0.40 ]
        },
        "firstperson_lefthand": {
            "rotation": [ 0, 225, 0 ],
            "translation": [ 0, 4.2, 0 ],
            "scale": [ 0.40, 0.40, 0.40 ]
        }
    }
}
