{
    "parent": "block/block",
	"textures":
	{
		"err": "mcobj:block/error"
	},
    "elements": [
        {   "from": [ 0, 0, 0 ],
            "to": [ 16, 16, 16 ],
            "faces": {
                "down":  { "texture": "#down", "cullface": "down" },
                "up":    { "texture": "#up", "cullface": "up" },
                "north": { "texture": "#north", "cullface": "north" },
                "south": { "texture": "#south", "cullface": "south" },
                "west":  { "texture": "#west", "cullface": "west" },
                "east":  { "texture": "#east", "cullface": "east" }
            }
        },
	   {  "from": [ -0.1, -0.1, -0.1 ],
            "to": [ 16.1, 16.1, 16.1 ],
            "faces": {
                "down":  { "texture": "#err", "cullface": "down" },
                "up":    { "texture": "#err", "cullface": "up" },
                "north": { "texture": "#err", "cullface": "north" },
                "south": { "texture": "#err", "cullface": "south" },
                "west":  { "texture": "#err", "cullface": "west" },
                "east":  { "texture": "#err", "cullface": "east" }
            }
        }

    ]
}
