{
	"parent": "mcobj:block/4hexa_grass.obj",
	"textures": {
        "particle": "block/dirt",
        "down": "#bottom",
        "up": "#top",
        "north": "#side",
    	"south": "#side",
    	"east": "#side",
    	"west": "#side",
    	"ov_north": "#overlay",
    	"ov_south": "#overlay",
    	"ov_east": "#overlay",
    	"ov_west": "#overlay",
    	"ov_up": "#top"
    },
    "display": {
        "gui": {
            "rotation": [ 30, 135, 0 ],
            "translation": [ 0, 0, 0],
            "scale":[ 0.6, 0.6, 0.6 ]
        },
        "ground": {
            "rotation": [ 0, 0, 0 ],
            "translation": [ 0, 3, 0],
            "scale":[ 0.25, 0.25, 0.25 ]
        },
        "fixed": {
            "rotation": [ 0, 0, 0 ],
            "translation": [ 0, 0, 0],
            "scale":[ 0.5, 0.5, 0.5 ]
        },
        "thirdperson_righthand": {
            "rotation": [ 75, 45, 0 ],
            "translation": [ 0, 2.5, 0],
            "scale": [ 0.375, 0.375, 0.375 ]
        },
        "firstperson_righthand": {
            "rotation": [ 0, 45, 0 ],
            "translation": [ 0, 0, 0 ],
            "scale": [ 0.40, 0.40, 0.40 ]
        },
        "firstperson_lefthand": {
            "rotation": [ 0, 225, 0 ],
            "translation": [ 0, 0, 0 ],
            "scale": [ 0.40, 0.40, 0.40 ]
        }
    }
}