{
    "ambientocclusion": false,
    "textures": {
        "particle": "#crop"
    },
    "elements": [
        {   "from": [ 6, -2, 2 ],
            "to": [ 6, 12, 14 ],
            "shade": false,
            "faces": {
                "west": { "uv": [ 0, 0, 16, 16 ], "texture": "#crop" },
                "east": { "uv": [ 0, 0, 16, 16 ], "texture": "#crop" }
            }
        },
        {   "from": [ 10, -2, 2 ],
            "to": [ 10, 12, 14 ],
            "shade": false,
            "faces": {
                "west": { "uv": [ 0, 0, 16, 16 ], "texture": "#crop" },
                "east": { "uv": [ 0, 0, 16, 16 ], "texture": "#crop" }
            }
        },
        {   "from": [ 2, -2, 6 ],
            "to": [ 14, 12, 6 ],
            "shade": false,
            "faces": {
                "north": { "uv": [ 0, 0, 16, 16 ], "texture": "#crop" },
                "south": { "uv": [ 0, 0, 16, 16 ], "texture": "#crop" }
            }
        },
        {   "from": [ 2, -2, 10 ],
            "to": [ 14, 12, 10 ],
            "shade": false,
            "faces": {
                "north": { "uv": [ 0, 0, 16, 16 ], "texture": "#crop" },
                "south": { "uv": [ 0, 0, 16, 16 ], "texture": "#crop" }
            }
        }
    ]
}
